name,description,language,tags
libprojfs,Linux projected filesystem library,C,"['git', 'filesystems', 'fuse-filesystem']"
linguist,"Language Savant. If your repository's language is being reported incorrectly, send us a pull request!",Ruby,"['linguistic', 'syntax-highlighting', 'language-grammars', 'language-statistics']"
opensource.guide,Community guides for open source creators,JavaScript,"['open-source', 'oss', 'tutorial', 'documentation', 'best-practices']"
explore,Community-curated topic pages on GitHub,Ruby,"['topics', 'collections', 'community-driven']"
licensed,A Ruby gem to cache and verify the licenses of dependencies,Ruby,"['licensing', 'open-source-licensing', 'dependencies', 'license-management']"
vitess-gh,Vitess is a database clustering system for horizontal scaling of MySQL.,Go,[]
dmca,Repository with text of DMCA takedown notices as received. GitHub does not endorse or adopt any assertion contained in the following notices. Users identified in the notices are presumed innocent until proven guilty. Additional information about our DMCA policy can be found at,,['dmca']
choosealicense.com,A site to provide non-judgmental guidance on choosing a license for your open source project,Ruby,"['jekyll', 'open-source', 'licensing', 'law', 'open-source-licensing']"
gh-ost,GitHub's Online Schema Migrations for MySQL,Go,"['schema-migrations', 'mysql']"
details-menu-element,A menu opened with a <details> button.,JavaScript,"['web-components', 'custom-elements']"
VisualStudio,GitHub Extension for Visual Studio,C#,"['github', 'git', 'c-sharp', 'visual-studio']"
opensourcefriday,üö≤ Contribute to the open source community every Friday,Ruby,[]
brubeck,A Statsd-compatible metrics aggregator,C,[]
hub,A command-line tool that makes git easier to use with GitHub.,Go,"['git', 'go', 'homebrew', 'github-api', 'pull-request']"
quote-selection,Install a shortcut to append selected text to a <textarea> as a Markdown quote.,JavaScript,"['markdown', 'decorator']"
cmark-gfm,"GitHub's fork of cmark, a CommonMark parsing and rendering library and program in C",C,[]
gitignore,A collection of useful .gitignore templates,,"['gitignore', 'git']"
hoosegow,Ephemeral Docker jails for running untrusted Ruby code,Ruby,[]
webpack-config-github,An opinionated webpack config for GitHub apps.,JavaScript,[]
scientist,üî¨ A Ruby library for carefully refactoring critical paths.,Ruby,"['refactoring', 'scientist', 'rubygem', 'ruby']"
github-services,Legacy GitHub Services Integration,Ruby,[]
graphql-client,"A Ruby library for declaring, composing and executing GraphQL queries",Ruby,"['graphql', 'graphql-client', 'ruby']"
hotkey,Global DOM element activation,JavaScript,"['decorator', 'shortcuts']"
glb-director,GitHub Load Balancer Director and supporting tooling.,C,[]
freno-client,"Ruby client and throttling library for freno, the throttler service",Ruby,"['mysql', 'ruby', 'ruby-gem', 'high-availability', 'throttling', 'freno']"
pages-gem,A simple Ruby Gem to bootstrap dependencies for setting up and maintaining a local Jekyll environment in sync with GitHub Pages,Ruby,"['github', 'ruby', 'jekyll', 'jekyll-plugin', 'ruby-gem', 'jekyll-theme', 'github-pages']"
backup-utils,GitHub Enterprise Backup Utilities,Shell,"['github-enterprise', 'backups']"
VFSForGit,GitHub development on VFSForGit [please fork upstream Microsoft/VFSForGit repository instead of this one],C#,[]
saml-ldap-team-sync,Sync GitHub teams to groups in Active Directory when using SAML,Python,[]
octodns,Tools for managing DNS across multiple providers,Python,[]
government.github.com,"Gather, curate, and feature stories of public servants and civic hackers using GitHub as part of their open government innovations",HTML,"['government', 'open-government', 'stories']"
orchestrator,MySQL replication topology management and HA,Go,"['mysql', 'replication', 'high-availability', 'management-system']"
rubocop-github,Code style checking for GitHub Ruby repositories,Ruby,"['ruby', 'rubocop']"
site-policy,"Collaborative development on GitHub's site policies, procedures, and guidelines",,"['law', 'policy', 'privacy-policy', 'terms-of-service']"
email_reply_parser,Small library to parse plain text email content,Ruby,[]
ruby,The Ruby Programming Language,Ruby,[]
rundeck-chatops-plugin,Rundeck workflow task plugin which executes a ChatOps RPC API call.,Java,[]
lightcrawler,Crawl a website and run it through Google lighthouse,JavaScript,"['crawler', 'chrome', 'google-lighthouse']"
octocatalog-diff,"Compile Puppet catalogs from 2 branches, versions, etc., and compare them",Ruby,['puppet']
babel-preset-github,GitHub.com's Babel configuration,JavaScript,"['javascript', 'babel', 'configuration', 'babel-preset', 'transpiler']"
github-graphql-rails-example,Example Rails app using GitHub's GraphQL API,Ruby,[]
puppet-consul_template,A Puppet module to manage the config and jobs of Consul Template from Hashicorp,Puppet,[]
freno,"freno: cooperative, highly available throttler service",Go,"['mysql', 'replication', 'throttle', 'high-availability']"
homebrew-bootstrap,A series of helper scripts to reduce duplication across `script/bootstrap`s.,Ruby,[]
platform-samples,A public place for all platform sample projects.,Ruby,"['ruby', 'sample', 'graphql', 'pre-receive-hooks', 'javascript', 'hooks', 'platform']"
github-elements,GitHub's Web Component collection.,,"['web-components', 'element-collection']"
jekyll-commonmark-ghpages,CommonMark generator for Jekyll used by GitHub Pages,Ruby,[]
eslint-plugin-github,An opinionated collection of ESLint shared configs and rules used by GitHub.,JavaScript,"['javascript', 'eslint', 'eslintplugin']"
combobox-nav,Attach combobox navigation behavior to <input> or <textarea>.,JavaScript,"['autocomplete', 'decorator', 'combobox']"
auto-complete-element,Auto-complete input values from server search results.,JavaScript,"['web-components', 'custom-elements']"
flit,Twitch Twirp RPC implementation for Java,Java,[]
smimesign,An S/MIME signing utility for use with Git,Go,[]
gemoji,Emoji images and names.,Ruby,"['rubygem', 'emoji', 'ruby', 'unicode']"
elastomer-client,A library for interacting with Elasticsearch,Ruby,[]
OAuth-Ruby-Quickstart,Starter code and quickstart guide for a GitHub OAuth App in Ruby,HTML,[]
invisible-recaptcha-validator,Simple Express Server for invisible reCaptcha server-side validation,JavaScript,[]
github-1,A higher-level wrapper around the Github API. Intended for the browser.,JavaScript,[]
ghfw-build-extra,Build scripts and customizations for creating the Git Shell environment included in GitHub Desktop,Shell,[]
hubot-mysql-datastore,MySQL-backed datastore for use with Hubot,JavaScript,[]
eventlistener-polyfill,Polyfills EventListener behaviours from IE11 onward,JavaScript,[]
clipboard-copy-element,Copy element text content or input values to the clipboard.,JavaScript,"['web-components', 'custom-elements']"
time-elements,Web component extensions to the standard <time> element.,JavaScript,"['localization', 'web-components', 'timezone', 'custom-elements']"
task-lists-element,Drag and drop task list items.,JavaScript,"['web-components', 'custom-elements']"
auto-check-element,An input element that validates its value with a server endpoint.,JavaScript,"['web-components', 'custom-elements']"
image-crop-element,"A custom element for cropping a square image. Returns x, y, width, and height.",JavaScript,"['web-components', 'custom-elements', 'image-cropper', 'image-crop']"
vulcanizer,GitHub's ops focused Elasticsearch library,Go,"['go', 'elasticsearch', 'operations']"
hubot-pager-me,PagerDuty integration for Hubot,CoffeeScript,[]
markup,Determines which markup library to use to render a content file (e.g. README) on GitHub,Ruby,['readme']
fetch,A window.fetch JavaScript polyfill.,JavaScript,"['fetch', 'polyfill', 'javascript', 'promise']"
review-pull-requests-at-github-template,Template for GitHub's Reviewing Pull Requests Learning Lab course. Course ‚û°Ô∏è,HTML,"['template', 'learning-lab']"
testrepo,DON'T DELETE THIS. USED FOR MONITORING AND WHATNOT.,C,[]
details-dialog-element,A modal dialog that's opened with a <details> button.,JavaScript,"['web-components', 'custom-elements']"
training-kit,Open source on demand courses and cheat sheets for Git and GitHub,HTML,"['git', 'training', 'cheatsheet', 'fieldservices', 'professionalservices']"
tab-container-element,Tab container,JavaScript,"['web-components', 'custom-elements']"
markdown-toolbar-element,Markdown formatting buttons for text inputs.,JavaScript,"['markdown', 'web-components', 'custom-elements']"
g-emoji-element,Backports native emoji characters to browsers that don't support them by replacing the characters with fallback images.,JavaScript,"['emoji', 'web-components', 'custom-elements']"
custom-element-boilerplate,Boilerplate for creating a custom element.,JavaScript,"['web-components', 'custom-elements']"
janky,Continuous integration server built on top of Jenkins and Hubot,Ruby,"['hubot-script', 'jenkins', 'ruby']"
resque,Used by Enterprise! Resque is a Redis-backed Ruby library for controlling background jobs.,Ruby,[]
open-source-survey,The Open Source Survey,,"['open-source', 'survey']"
rollup.js,Next-generation ES module bundler,JavaScript,[]
ruby-gpgme,a ruby interface to GnuPG Made Easy (GPGME).,Ruby,[]
gpgme,GnuPG Made Easy,C,[]
chatops-controller,A rails plugin to make creating chatops easy,Ruby,[]
ccql,Multi server MySQL client,Go,"['mysql', 'client']"
Scientist.net,A .NET library for carefully refactoring critical paths. It's a port of GitHub's Ruby Scientist library,C#,[]
pages-health-check,Checks your GitHub Pages site for common DNS configuration issues,Ruby,[]
hubot-slack,,CoffeeScript,[]
github-ds,A collection of Ruby libraries for working with SQL on top of ActiveRecord's connection,Ruby,"['mysql', 'ruby', 'rails', 'activerecord', 'sql', 'key-value']"
scripts-to-rule-them-all,Scripts to Rule Them All,Shell,[]
include-fragment-element,A Client Side Includes tag,JavaScript,"['web-components', 'custom-elements']"
graphql-relay-walker,Walk the graph,Ruby,"['ruby', 'graphql', 'relay']"
gov-takedowns,Text of government takedown notices as received. GitHub does not endorse or adopt any assertion contained in the following notices.,,[]
bert,BERT (Binary ERlang Term) serialization library for Ruby.,Ruby,[]
babel-plugin-ensure-name-for-custom-elements,"This plugin makes sure that your custom elements always have a name property, even after minifying.",JavaScript,"['babel-plugin', 'custom-elements']"
query-selector,"Query the document tree by selector, filtering by element type.",JavaScript,"['flow', 'dom']"
SoftU2F,Software U2F authenticator for macOS,Swift,"['macos', 'fido-u2f', 'cryptography']"
git-sizer,"Compute various size metrics for a Git repository, flagging those that might cause problems",Go,"['github', 'git', 'golang']"
user-select-contain-polyfill,Polyfills `user-select: contain` property value,JavaScript,[]
jenkins_api_client,Ruby Client libraries for communicating with Jenkins Remote Access API,Ruby,[]
ansible-overlay,An overlay image of Ansible to do boot time dynamic configuration of stateless systems,Shell,[]
looker-slackbot,A super cool Slack bot for Looker!,CoffeeScript,[]
training-utils,A series of Bash and ZShell scripts useful when teaching about git and GitHub,Ruby,[]
blakejs,Pure Javascript implementation of the BLAKE2b and BLAKE2s hash functions,JavaScript,[]
paste-markdown,Paste spreadsheet cells as a Markdown table.,JavaScript,"['markdown', 'clipboard']"
replicate,Dump and load relational objects between Ruby environments.,Ruby,[]
check-all,Multiple checkbox selection helper.,JavaScript,['decorator']
textarea-autosize,Autosizes textarea to size of it's contents.,JavaScript,['decorator']
form-data-entries,FormData.entries ponyfill,JavaScript,"['ponyfill', 'formdata']"
multibinder,multibinder is a tiny ruby server that makes writing zero-downtime-reload services simpler.,Shell,[]
darrrr,An SDK for the delegated recovery specfication,Ruby,"['ruby', 'rails', 'sinatra', 'cryptography', 'facebook', 'authentication', 'ruby-on-rails']"
presto,Distributed SQL query engine for big data,Java,[]
orchestrator-agent,MySQL replication topology manager - agent (daemon),Go,[]
omniauth,OmniAuth is a flexible authentication system utilizing Rack middleware.,Ruby,[]
GITHUB-ENTERPRISE-LICENSE-AGREEMENT,GITHUB LICENSE AGREEMENT: PLEASE SIGN IN ALL CAPS,,[]
sdr-code-camp,learn you some code!,HTML,[]
synsanity,netfilter (iptables) target for high performance lockless SYN cookies for SYN flood mitigation,C,[]
incubator-airflow,Apache Airflow (Incubating),Python,[]
reactnd-project-readable-starter,Starting server code for ReactND Readable Project,JavaScript,[]
accessibilityjs,Client side accessibility error scanner.,JavaScript,['accessibility']
hubstep,Standard LightStep tracing of GitHub Ruby apps,Ruby,[]
lit-html,HTML template literals in JavaScript,TypeScript,[]
braintree-encryption,Javascript Library for Client-side Encryption with Braintree,JavaScript,[]
oauth2_proxy,"A reverse proxy that provides authentication with Google, Github or other provider",Go,[]
lightstep-tracer-ruby,The LightStep distributed tracing library for Ruby,Ruby,[]
balanced-employee-ip-agreement,"GitHub's employee IP agreement, open sourced and reusable",,"['law', 'policy']"
linux,Linux kernel source tree,C,[]
url-search-params,Simple polyfill for URLSearchParams standard,JavaScript,[]
d3,"Bring data to life with SVG, Canvas and HTML. üìäüìàüéâ",JavaScript,[]
gh-ost-ci-env,CI environment for gh-ost testing,Shell,[]
collectd-elasticsearch,CollectD ElasticSearch plugin,Python,[]
wmail-user-scripts,,CSS,[]
version_sorter,Fast sorting of version numbers,C,[]
putty,"mirror of git://git.tartarus.org/simon/putty.git, used for client testing",C,[]
nugget,http integration test service,Ruby,[]
babel-plugin-transform-invariant-location,Babel plugin that rewrites invariant calls with their source location,JavaScript,"['flow', 'babel-plugin']"
rails,Ruby on Rails + GitHub patches,Ruby,[]
mentorships,GitHub Open Source Mentorships (deprecated),,['open-source']
practice,,,[]
webcomponentsjs,A suite of polyfills supporting the HTML Web Components specs,HTML,[]
docker-awscli,Another aws cli for hacking,Shell,[]
graphql-batch,A query batching executor for the graphql gem,Ruby,[]
babel-plugin-transform-custom-element-classes,Compile ES6 HTMLElement class extensions to ES5,JavaScript,[]
template,Minimal polyfill for <template>,HTML,[]
github-graphql-relay-example,Example Relay Modern app using GitHub's GraphQL API,JavaScript,[]
plax,JQuery powered parallaxing,JavaScript,[]
refined-github,Browser extension that simplifies the GitHub interface and adds useful features,JavaScript,[]
objective-c-style-guide,**Archived** Style guide & coding conventions for Objective-C projects,,[]
swift-style-guide,**Archived** Style guide & coding conventions for Swift projects,,[]
fake_braintree,A Braintree so fake that you can avoid hitting Braintree servers in tests.,Ruby,[]
developer.github.com,GitHub Developer site,Ruby,[]
octofacts,Automate creation and maintenance of complete fact sets for rspec-puppet tests,Ruby,"['puppet', 'rspec-puppet']"
snakebite,A pure python HDFS client,Python,[]
puppetlabs-apt,Puppet module to help manage Apt,Ruby,[]
sqoop,Mirror of Apache Sqoop,Java,[]
pages-cucumber-fixture,Some fixtures for pages tests,,[]
restricted-input,Restrict <input>s to certain valid characters (e.g. formatting phone or card numbers),JavaScript,[]
s3gof3r,"Fast, concurrent, streaming access to Amazon S3, including gof3r, a CLI. http://godoc.org/github.com/rlmcpherson/s3gof3r",Go,[]
browser-detection,A utility for detecting browsers in Braintree libs.,JavaScript,[]
game-off-2016,GitHub's month-long game jam üéÆ November 2016,,[]
albino,Ruby wrapper for the Pygments syntax highlighter.,Ruby,[]
debug-repo,This is a debug repo for github-debug.com,JavaScript,[]
hubot-scripts,"DEPRECATED, see https://github.com/github/hubot-scripts/issues/1113 for details - optional scripts for hubot, opt in via hubot-scripts.json",CoffeeScript,"['coffeescript', 'hubot-script']"
Spoon-Knife,This repo is for demonstration purposes only.,HTML,[]
serialized_attributes,UNMAINTAINED - kind of a bridge between using AR and a full blown schema-free db,Ruby,[]
octokit.py,GitHub API client for Python,Python,[]
github-ldap,LDAP client for humans. Part of GitHub Enterprise.,Ruby,[]
aws-s3,Fork of AWS-S3 with some custom patches. Removes const_missing hacks like the jaf-s3 gem.,Ruby,[]
etcd-operator,etcd operator creates/configures/manages etcd clusters atop Kubernetes,Go,[]
maven-plugins,Official GitHub Maven Plugins,Java,[]
tainted_hash,,Ruby,"['ruby', 'rails', 'hash', 'input-sanitization']"
fog-aws,Module for the 'fog' gem to support Amazon Web Services http://aws.amazon.com/,Ruby,[]
develop.github.com,Outdated documentation for GitHub API v2. See http://developer.github.com/ for the current API.,CSS,[]
node-slack-sdk,Slack Developer Kit for Node.js,CoffeeScript,[]
google-analytics,,JavaScript,[]
puppet-ca_cert,A puppet module for managing (non-system) CA certificates.,Ruby,[]
sparkles-legacy,A Go backend for giving each other ‚ú® in Slack,Go,[]
puppet-aptly,Puppet module for aptly,Ruby,[]
puppet-orchestrator-for-mysql,Puppet Module used with Orchestrator,Puppet,[]
rbenv-autohash,Rubygems plugin to automatically run `rbenv rehash`.,Ruby,[]
statsd-ruby,A Ruby Statsd client.,Ruby,[]
game-off-2013,,,[]
puppet-sysfs,Module to manage sysfs settings,Puppet,[]
go-mysql,a powerful mysql toolset with Go,Go,[]
elasticsearch-srv-discovery,Elasticsearch discovery with SRV records,Java,[]
codemirror-contrib,CodeMirror community contributions,JavaScript,[]
task_list,GitHub flavor Markdown Task List feature components,CoffeeScript,[]
game-off-2012,The GitHub Game Off 2012 is a game jam / hackathon / coding challenge to create an open source a web-based game,,[]
cas-overlay,Maven overlay for local CAS development and testing,Shell,[]
go-opstocat,DEPRECATED,Go,[]
puppet-vault,üíæ üì¶ puppet-module to install Hashicorp's Vault.,Ruby,[]
mysql-haproxy-xinetd,"Context aware MySQL Replica pools via HAProxy, sample configs & scripts",Shell,[]
captain-hook,slack bot that provides subscription service for npm webhooks,JavaScript,[]
roskomnadzor,deprecated archive ‚Äî moved to https://github.com/github/gov-takedowns/tree/master/Russia,,[]
ohnogit,For when you have to use git in nodejs.,TypeScript,[]
maturity-model,A maturity model for adopting open source,,[]
mime-types,Ruby MIME::Types implementation,Ruby,[]
banana_phone,BananaPhone is RPC for BananaPack,Ruby,[]
force-pr,Basic webserver that responds to webhooks with success,Ruby,[]
puppetlabs-puppetdb,Centralized Puppet Storage,Clojure,[]
libgit2sharp,Git + .Net/Mono = ‚ù§,C#,[]
facter,Collect and display system facts,Ruby,[]
hr-opensource,An open forum for anyone to discuss HR related topics & ideas,,[]
kestrel,"simple, distributed message queue system (inactive)",Scala,[]
brakeman,A static analysis security vulnerability scanner for Ruby on Rails applications,Ruby,[]
winbootstrap,,PowerShell,[]
Rebel,Cocoa framework for improving AppKit,Objective-C,[]
html-pipeline,HTML processing filters and utilities,Ruby,[]
lua-nginx-module,Embed the Power of Lua into NGINX HTTP servers,C,[]
guard,Guard is a command line tool to easily handle events on file system modifications.,Ruby,[]
evenflow,sFlow to Graphite bridge,Ruby,[]
GitPad,Notepad.exe as Git commit editor,C#,[]
azure-quickstart-templates,Azure Quickstart Templates,Shell,[]
swordfish,EXPERIMENTAL password management app. Don't use this.,Ruby,[]
Archimedes,Geometry functions for Cocoa and Cocoa Touch,Objective-C,[]
msysgit,The version of msysGit that ships with GitHub for Windows,C,[]
kano-desktop,,Shell,[]
octo-recipes,A GitHub repository used to collaborate on recipes,,[]
pong,Auxiliary repository for external ping checks,,[]
puppetlabs-puppet,Server automation framework and application,Ruby,[]
zero_push,Ruby wrapper for the ZeroPush API,Ruby,[]
twui,A framework for developing interfaces on the Mac.,Objective-C,[]
rubycas-server,"Provides single sign-on authentication for web applications, implementing the server-end of Jasig's CAS protocol.",Ruby,[]
ernicorn,Ruby BERTRPC server based on Unicorn,Ruby,[]
posix-spawn,Fast Process::spawn for Rubys >= 1.8.7 based on the posix_spawn() system interfaces,Ruby,[]
jquery-relatize_date,jQuery version of technoweenie's relative date js library.,JavaScript,[]
learn.github.com,The discovery gate for all things educational for Git and GitHub.,CSS,[]
media,Media files for use in your GitHub integration projects,,[]
node-statsd,node.js client for Etsy'd StatsD server,JavaScript,[]
puppet-aptmirror,Mirror of Puppet's APT repo,Ruby,[]
taps,simple database import/export app,Ruby,[]
ruby-thecodeshop,The Ruby Programming Language,Ruby,[]
ssziparchive,Utility class for zipping and unzipping files on iOS and Mac,C,[]
upload,Script to upload files to non-repo storage from the command line,Ruby,[]
rack-statsd,monitor your rack apps in production,Ruby,[]
enterprise-ohai,Ohai plugins from GitHub Enterprise,Ruby,[]
pagerduty-incident-webhooks,Heroku app that fires webhooks for triggered PagerDuty incidents,Ruby,[]
RepoRepairTool,Repairs common Windows repository problems with encodings or line endings,C#,[]
ghterm,github terminal,JavaScript,[]
safegem,GitHub's safe gem eval web service,Ruby,[]
request_timer,Simple Rails request timer with even simpler js bookmarklet.,Ruby,[]
gem-builder,The scripts used to build RubyGems on GitHub,Ruby,[]
will_paginate_with_hotkeys,Evil twin plugin version of will_paginate to work with jQuery hotkeys plugin.,Ruby,[]
jquery-hotkeys,jQuery hotkeys plugin.,JavaScript,[]
yard-sinatra,Display sinatra routes in yard documentation.,Ruby,[]
fog,The Ruby cloud services library.,Ruby,[]
AFNetworking,A delightful iOS and OS X networking framework,Objective-C,[]
redcloth,RedCloth is a Ruby library for converting Textile into HTML.,Ragel in Ruby Host,[]
ledbetter,Script that scrapes alert statistics from Nagios and reports them to Graphite,Ruby,[]
SharpDevelop,#develop (short for SharpDevelop) is a free IDE for .NET programming languages.,C#,[]
dat-science,Replaced by https://github.com/github/scientist,Ruby,[]
Quick,A behavior-driven development test framework for Swift and Objective-C.,Swift,[]
expecta,A Matcher Framework for Objective-C/Cocoa,Objective-C,[]
Nimble,A Matcher Framework for Swift and Objective-C,Swift,[]
OHHTTPStubs,A class to stub network requests easily: test your apps with fake network data (stubbed from file) and custom response time,Objective-C,[]
grocer,Pushing your Apple notifications since 2012.,Ruby,[]
aptly,aptly - Debian repository management tool,Go,[]
railsless-deploy,"Obsolete, see http://www.capistranorb.com/ for new Capistrano with no Railsisms!",Ruby,[]
circuitbreaker,Circuit Breakers in Go,Go,[]
nagioseasier-module,"Make nagios easier to use, because you deserve it.",C,[]
GHKeyBrowser,GitHub Key Verification Helper,C++,[]
garethr-docker,Puppet module for managing docker,Ruby,[]
STUtils,,Objective-C,[]
veewee,Easing the building of vagrant boxes,Shell,[]
dat-analysis,Analyze results from dat-science.,Ruby,[]
nagios-plugins-github,,C,[]
specta,A light-weight TDD / BDD framework for Objective-C & Cocoa,Objective-C,[]
grit,Grit gives you object oriented read/write access to Git repositories via Ruby.,Ruby,[]
foreman,Manage Procfile-based applications,Ruby,[]
git-msysgit,GitHub version of msysgit/git,C,[]
training.github.com,Legacy (no longer published) GitHub Training site,CSS,[]
game-o,O! a Cut.js game,JavaScript,[]
gollum,Unsupported ‚Äî¬†use https://github.com/gollum/gollum!,Ruby,[]
MASPreferences,Custom implementation of Preferences window in Cocoa applications for Mac OS X,Objective-C,[]
backstop,HTTP service for submitting metrics to Graphite,Ruby,[]
uiimage-from-animated-gif,A UIImage category that loads animated GIFs,Objective-C,[]
hubahuba,Ruby and Rails core extensions used by GitHub.,Ruby,[]
teach.github.com,The open source teaching materials site for Git and GitHub technologies,CSS,[]
gitcasts,Educational screencasts about Git,CSS,[]
htttee,unix's tee over http,Ruby,[]
marginalia,Attach comments to ActiveRecord's SQL queries,Ruby,[]
buildstep,Buildstep uses Docker and Buildpacks to build applications like Heroku,Shell,[]
django-floppyforms,Full control of form rendering in the templates.,Python,[]
rack-ssl-enforcer,A simple Rack middleware to enforce ssl connections,Ruby,[]
gitscm-old,Git homepage that rocks - from the git.or.cz awesomeness,Ruby,[]
faceup,More than just mustaches.,JavaScript,[]
aroma,"a game engine: lua, opengl es 2.0, native client",C,[]
puppet-module-group,Puppet Group Module (custom group providers),Ruby,[]
windows-msysgit,This repository is deprecated.,Perl,[]
pycon2011,,Python,[]
